Timestamp,Source MAC,Destination MAC,Source Port,Destination Port,Length
2024-03-06 12:42:07.874,00:00:00:00:00:09,33:33:ff:00:00:09,1,4294967291,86
2024-03-06 12:42:07.894,00:00:00:00:00:0e,33:33:00:00:00:16,3,4294967291,110
2024-03-06 12:42:07.922,00:00:00:00:00:02,33:33:ff:00:00:02,3,4294967291,86
2024-03-06 12:42:07.974,00:00:00:00:00:04,33:33:ff:00:00:04,3,4294967291,86
2024-03-06 12:42:07.975,ce:d1:19:30:6e:2c,33:33:00:00:00:16,1,4294967291,90
2024-03-06 12:42:07.977,00:00:00:00:00:04,33:33:ff:00:00:04,2,4294967291,86
2024-03-06 12:42:07.978,00:00:00:00:00:04,33:33:ff:00:00:04,1,4294967291,86
2024-03-06 12:42:07.979,00:00:00:00:00:04,33:33:ff:00:00:04,1,4294967291,86
2024-03-06 12:42:07.979,00:00:00:00:00:04,33:33:ff:00:00:04,1,4294967291,86
2024-03-06 12:42:08.053,aa:4e:63:08:b2:3d,33:33:00:00:00:16,1,4294967291,90
2024-03-06 12:42:08.054,aa:4e:63:08:b2:3d,33:33:00:00:00:16,1,4294967291,90
2024-03-06 12:42:08.055,aa:4e:63:08:b2:3d,33:33:00:00:00:16,1,4294967291,90
2024-03-06 12:42:08.056,aa:4e:63:08:b2:3d,33:33:00:00:00:16,1,4294967291,90
2024-03-06 12:42:08.113,3e:8d:97:91:21:11,33:33:00:00:00:16,1,4294967291,90
2024-03-06 12:42:08.115,00:00:00:00:00:03,33:33:00:00:00:16,2,4294967291,110
2024-03-06 12:42:08.116,00:00:00:00:00:03,33:33:00:00:00:16,2,4294967291,110
2024-03-06 12:42:08.117,00:00:00:00:00:03,33:33:00:00:00:16,1,4294967291,110
2024-03-06 12:42:08.118,00:00:00:00:00:03,33:33:00:00:00:16,1,4294967291,110
2024-03-06 12:42:08.119,00:00:00:00:00:03,33:33:00:00:00:16,1,4294967291,110
2024-03-06 12:42:08.236,00:00:00:00:00:0a,33:33:00:00:00:16,2,4294967291,110
2024-03-06 12:42:08.238,00:00:00:00:00:04,33:33:00:00:00:16,3,4294967291,110
2024-03-06 12:42:08.242,00:00:00:00:00:04,33:33:00:00:00:16,2,4294967291,110
2024-03-06 12:42:08.245,00:00:00:00:00:04,33:33:00:00:00:16,1,4294967291,110
2024-03-06 12:42:08.247,00:00:00:00:00:04,33:33:00:00:00:16,1,4294967291,110
2024-03-06 12:42:08.249,00:00:00:00:00:04,33:33:00:00:00:16,1,4294967291,110
2024-03-06 12:42:08.263,9a:a4:05:fe:d8:9d,33:33:00:00:00:16,1,4294967291,90
2024-03-06 12:42:08.265,00:00:00:00:00:01,33:33:00:00:00:16,2,4294967291,110
2024-03-06 12:42:08.267,00:00:00:00:00:01,33:33:00:00:00:16,1,4294967291,110
2024-03-06 12:42:08.270,00:00:00:00:00:01,33:33:00:00:00:16,1,4294967291,110
2024-03-06 12:42:08.271,00:00:00:00:00:01,33:33:00:00:00:16,1,4294967291,110
2024-03-06 12:42:08.273,00:00:00:00:00:01,33:33:00:00:00:16,1,4294967291,110
2024-03-06 12:42:08.303,ce:d1:19:30:6e:2c,33:33:ff:30:6e:2c,1,4294967291,86
2024-03-06 12:42:08.351,00:00:00:00:00:09,33:33:00:00:00:16,1,4294967291,110
2024-03-06 12:42:08.354,00:00:00:00:00:0e,33:33:ff:00:00:0e,3,4294967291,86
2024-03-06 12:42:08.359,00:00:00:00:00:06,33:33:00:00:00:16,3,4294967291,110
2024-03-06 12:42:08.363,00:00:00:00:00:06,33:33:00:00:00:16,3,4294967291,110
2024-03-06 12:42:08.367,00:00:00:00:00:06,33:33:00:00:00:16,1,4294967291,110
2024-03-06 12:42:08.368,00:00:00:00:00:06,33:33:00:00:00:16,1,4294967291,110
2024-03-06 12:42:08.369,00:00:00:00:00:06,33:33:00:00:00:16,1,4294967291,110
2024-03-06 12:42:08.443,96:24:0c:b7:60:49,33:33:00:00:00:16,2,4294967291,90
2024-03-06 12:42:08.446,00:00:00:00:00:01,33:33:ff:00:00:01,2,4294967291,86
2024-03-06 12:42:08.450,00:00:00:00:00:05,33:33:ff:00:00:05,2,4294967291,86
2024-03-06 12:42:08.452,00:00:00:00:00:03,33:33:ff:00:00:03,2,4294967291,86
2024-03-06 12:42:08.459,96:24:0c:b7:60:49,33:33:00:00:00:16,1,4294967291,90
2024-03-06 12:42:08.461,96:24:0c:b7:60:49,33:33:00:00:00:16,1,4294967291,90
2024-03-06 12:42:08.463,96:24:0c:b7:60:49,33:33:00:00:00:16,1,4294967291,90
2024-03-06 12:42:08.466,00:00:00:00:00:01,33:33:ff:00:00:01,1,4294967291,86
2024-03-06 12:42:08.468,00:00:00:00:00:05,33:33:ff:00:00:05,3,4294967291,86
2024-03-06 12:42:08.469,00:00:00:00:00:03,33:33:ff:00:00:03,2,4294967291,86
2024-03-06 12:42:08.472,00:00:00:00:00:01,33:33:ff:00:00:01,1,4294967291,86
2024-03-06 12:42:08.473,00:00:00:00:00:05,33:33:ff:00:00:05,1,4294967291,86
2024-03-06 12:42:08.475,00:00:00:00:00:01,33:33:ff:00:00:01,1,4294967291,86
2024-03-06 12:42:08.476,00:00:00:00:00:03,33:33:ff:00:00:03,1,4294967291,86
2024-03-06 12:42:08.477,00:00:00:00:00:01,33:33:ff:00:00:01,1,4294967291,86
2024-03-06 12:42:08.478,00:00:00:00:00:05,33:33:ff:00:00:05,1,4294967291,86
2024-03-06 12:42:08.479,00:00:00:00:00:03,33:33:ff:00:00:03,1,4294967291,86
2024-03-06 12:42:08.480,00:00:00:00:00:05,33:33:ff:00:00:05,1,4294967291,86
2024-03-06 12:42:08.481,00:00:00:00:00:03,33:33:ff:00:00:03,1,4294967291,86
2024-03-06 12:42:08.486,c6:ea:24:87:59:b6,33:33:ff:87:59:b6,4,4294967291,86
2024-03-06 12:42:08.487,00:00:00:00:00:05,33:33:00:00:00:16,2,4294967291,110
2024-03-06 12:42:08.489,9a:a4:05:fe:d8:9d,33:33:ff:fe:d8:9d,1,4294967291,86
2024-03-06 12:42:08.491,c6:ea:24:87:59:b6,33:33:ff:87:59:b6,1,4294967291,86
2024-03-06 12:42:08.492,00:00:00:00:00:05,33:33:00:00:00:16,3,4294967291,110
2024-03-06 12:42:08.494,c6:ea:24:87:59:b6,33:33:ff:87:59:b6,1,4294967291,86
2024-03-06 12:42:08.495,c6:ea:24:87:59:b6,33:33:ff:87:59:b6,1,4294967291,86
2024-03-06 12:42:08.497,00:00:00:00:00:05,33:33:00:00:00:16,1,4294967291,110
2024-03-06 12:42:08.498,00:00:00:00:00:05,33:33:00:00:00:16,1,4294967291,110
2024-03-06 12:42:08.499,00:00:00:00:00:05,33:33:00:00:00:16,1,4294967291,110
2024-03-06 12:42:08.521,00:00:00:00:00:07,33:33:ff:00:00:07,2,4294967291,86
2024-03-06 12:42:08.523,00:00:00:00:00:07,33:33:ff:00:00:07,4,4294967291,86
2024-03-06 12:42:08.525,00:00:00:00:00:07,33:33:ff:00:00:07,1,4294967291,86
2024-03-06 12:42:08.526,00:00:00:00:00:07,33:33:ff:00:00:07,1,4294967291,86
2024-03-06 12:42:08.527,00:00:00:00:00:07,33:33:ff:00:00:07,1,4294967291,86
2024-03-06 12:42:08.550,ea:5b:d9:31:4c:c3,33:33:00:00:00:16,3,4294967291,90
2024-03-06 12:42:08.551,c6:ea:24:87:59:b6,33:33:00:00:00:16,4,4294967291,90
2024-03-06 12:42:08.553,00:00:00:00:00:08,33:33:00:00:00:16,3,4294967291,110
2024-03-06 12:42:08.554,00:00:00:00:00:02,33:33:00:00:00:16,3,4294967291,110
2024-03-06 12:42:08.557,ea:5b:d9:31:4c:c3,33:33:00:00:00:16,1,4294967291,90
2024-03-06 12:42:08.558,c6:ea:24:87:59:b6,33:33:00:00:00:16,1,4294967291,90
2024-03-06 12:42:08.559,00:00:00:00:00:08,33:33:00:00:00:16,4,4294967291,110
2024-03-06 12:42:08.560,00:00:00:00:00:02,33:33:00:00:00:16,1,4294967291,110
2024-03-06 12:42:08.561,ea:5b:d9:31:4c:c3,33:33:00:00:00:16,1,4294967291,90
2024-03-06 12:42:08.562,ea:5b:d9:31:4c:c3,33:33:00:00:00:16,1,4294967291,90
2024-03-06 12:42:08.563,c6:ea:24:87:59:b6,33:33:00:00:00:16,1,4294967291,90
2024-03-06 12:42:08.564,c6:ea:24:87:59:b6,33:33:00:00:00:16,1,4294967291,90
2024-03-06 12:42:08.567,00:00:00:00:00:08,33:33:00:00:00:16,1,4294967291,110
2024-03-06 12:42:08.568,00:00:00:00:00:02,33:33:00:00:00:16,1,4294967291,110
2024-03-06 12:42:08.569,00:00:00:00:00:08,33:33:00:00:00:16,1,4294967291,110
2024-03-06 12:42:08.570,00:00:00:00:00:02,33:33:00:00:00:16,1,4294967291,110
2024-03-06 12:42:08.571,00:00:00:00:00:08,33:33:00:00:00:16,1,4294967291,110
2024-03-06 12:42:08.572,00:00:00:00:00:02,33:33:00:00:00:16,1,4294967291,110
2024-03-06 12:42:08.591,b2:ca:60:8e:01:16,33:33:00:00:00:16,1,4294967291,90
2024-03-06 12:42:08.618,3e:8d:97:91:21:11,33:33:00:00:00:16,1,4294967291,90
2024-03-06 12:42:08.619,3e:8d:97:91:21:11,33:33:00:00:00:02,1,4294967291,70
2024-03-06 12:42:08.620,b2:ca:60:8e:01:16,33:33:ff:8e:01:16,1,4294967291,86
2024-03-06 12:42:08.656,00:00:00:00:00:08,33:33:ff:00:00:08,3,4294967291,86
2024-03-06 12:42:08.658,00:00:00:00:00:08,33:33:ff:00:00:08,4,4294967291,86
2024-03-06 12:42:08.660,00:00:00:00:00:08,33:33:ff:00:00:08,1,4294967291,86
2024-03-06 12:42:08.662,00:00:00:00:00:08,33:33:ff:00:00:08,1,4294967291,86
2024-03-06 12:42:08.663,00:00:00:00:00:08,33:33:ff:00:00:08,1,4294967291,86
2024-03-06 12:42:08.763,aa:4e:63:08:b2:3d,33:33:00:00:00:16,1,4294967291,90
2024-03-06 12:42:08.769,ea:5b:d9:31:4c:c3,33:33:00:00:00:16,3,4294967291,90
2024-03-06 12:42:08.771,aa:4e:63:08:b2:3d,33:33:00:00:00:02,1,4294967291,70
2024-03-06 12:42:08.773,ea:5b:d9:31:4c:c3,33:33:00:00:00:02,3,4294967291,70
2024-03-06 12:42:08.775,00:00:00:00:00:0f,33:33:ff:00:00:0f,5,4294967291,86
2024-03-06 12:42:08.780,aa:4e:63:08:b2:3d,33:33:00:00:00:16,1,4294967291,90
2024-03-06 12:42:08.782,aa:4e:63:08:b2:3d,33:33:00:00:00:16,1,4294967291,90
2024-03-06 12:42:08.784,aa:4e:63:08:b2:3d,33:33:00:00:00:16,1,4294967291,90
2024-03-06 12:42:08.788,aa:4e:63:08:b2:3d,33:33:00:00:00:02,1,4294967291,70
2024-03-06 12:42:08.789,00:00:00:00:00:0f,33:33:ff:00:00:0f,1,4294967291,86
2024-03-06 12:42:08.790,ea:5b:d9:31:4c:c3,33:33:00:00:00:16,1,4294967291,90
2024-03-06 12:42:08.792,aa:4e:63:08:b2:3d,33:33:00:00:00:02,1,4294967291,70
2024-03-06 12:42:08.793,ea:5b:d9:31:4c:c3,33:33:00:00:00:02,1,4294967291,70
2024-03-06 12:42:08.795,00:00:00:00:00:0f,33:33:ff:00:00:0f,1,4294967291,86
2024-03-06 12:42:08.796,ea:5b:d9:31:4c:c3,33:33:00:00:00:16,1,4294967291,90
2024-03-06 12:42:08.797,ea:5b:d9:31:4c:c3,33:33:00:00:00:02,1,4294967291,70
2024-03-06 12:42:08.798,00:00:00:00:00:0f,33:33:ff:00:00:0f,1,4294967291,86
2024-03-06 12:42:08.800,ea:5b:d9:31:4c:c3,33:33:00:00:00:16,1,4294967291,90
2024-03-06 12:42:08.801,aa:4e:63:08:b2:3d,33:33:00:00:00:02,1,4294967291,70
2024-03-06 12:42:08.802,ea:5b:d9:31:4c:c3,33:33:00:00:00:02,1,4294967291,70
2024-03-06 12:42:08.803,00:00:00:00:00:0f,33:33:ff:00:00:0f,1,4294967291,86
2024-03-06 12:42:08.810,96:24:0c:b7:60:49,33:33:00:00:00:16,2,4294967291,90
2024-03-06 12:42:08.811,96:24:0c:b7:60:49,33:33:00:00:00:02,2,4294967291,70
2024-03-06 12:42:08.812,00:00:00:00:00:0a,33:33:ff:00:00:0a,2,4294967291,86
2024-03-06 12:42:08.814,96:24:0c:b7:60:49,33:33:00:00:00:16,1,4294967291,90
2024-03-06 12:42:08.815,96:24:0c:b7:60:49,33:33:00:00:00:16,1,4294967291,90
2024-03-06 12:42:08.816,96:24:0c:b7:60:49,33:33:00:00:00:16,1,4294967291,90
2024-03-06 12:42:08.818,96:24:0c:b7:60:49,33:33:00:00:00:02,1,4294967291,70
2024-03-06 12:42:08.819,96:24:0c:b7:60:49,33:33:00:00:00:02,1,4294967291,70
2024-03-06 12:42:08.820,96:24:0c:b7:60:49,33:33:00:00:00:02,1,4294967291,70
2024-03-06 12:42:08.841,00:00:00:00:00:06,33:33:00:00:00:16,3,4294967291,90
2024-03-06 12:42:08.842,00:00:00:00:00:06,33:33:00:00:00:02,3,4294967291,70
2024-03-06 12:42:08.844,00:00:00:00:00:06,33:33:00:00:00:16,3,4294967291,90
2024-03-06 12:42:08.845,00:00:00:00:00:06,33:33:00:00:00:02,3,4294967291,70
2024-03-06 12:42:08.847,00:00:00:00:00:06,33:33:00:00:00:16,1,4294967291,90
2024-03-06 12:42:08.848,00:00:00:00:00:06,33:33:00:00:00:02,1,4294967291,70
2024-03-06 12:42:08.849,00:00:00:00:00:06,33:33:00:00:00:16,1,4294967291,90
2024-03-06 12:42:08.850,00:00:00:00:00:06,33:33:00:00:00:02,1,4294967291,70
2024-03-06 12:42:08.851,00:00:00:00:00:06,33:33:00:00:00:16,1,4294967291,90
2024-03-06 12:42:08.852,00:00:00:00:00:06,33:33:00:00:00:02,1,4294967291,70
2024-03-06 12:42:08.871,00:00:00:00:00:09,33:33:00:00:00:16,1,4294967291,90
2024-03-06 12:42:08.872,00:00:00:00:00:09,33:33:00:00:00:02,1,4294967291,70
2024-03-06 12:42:08.951,00:00:00:00:00:02,33:33:00:00:00:16,3,4294967291,90
2024-03-06 12:42:08.955,00:00:00:00:00:02,33:33:00:00:00:02,3,4294967291,70
2024-03-06 12:42:08.957,00:00:00:00:00:02,33:33:00:00:00:16,1,4294967291,90
2024-03-06 12:42:08.960,00:00:00:00:00:02,33:33:00:00:00:02,1,4294967291,70
2024-03-06 12:42:08.963,00:00:00:00:00:02,33:33:00:00:00:16,1,4294967291,90
2024-03-06 12:42:08.964,00:00:00:00:00:02,33:33:00:00:00:16,1,4294967291,90
2024-03-06 12:42:08.965,00:00:00:00:00:02,33:33:00:00:00:16,1,4294967291,90
2024-03-06 12:42:08.968,00:00:00:00:00:02,33:33:00:00:00:02,1,4294967291,70
2024-03-06 12:42:08.970,00:00:00:00:00:02,33:33:00:00:00:02,1,4294967291,70
2024-03-06 12:42:08.971,00:00:00:00:00:02,33:33:00:00:00:02,1,4294967291,70
2024-03-06 12:42:09.016,00:00:00:00:00:04,33:33:00:00:00:16,3,4294967291,90
2024-03-06 12:42:09.018,00:00:00:00:00:04,33:33:00:00:00:02,3,4294967291,70
2024-03-06 12:42:09.021,00:00:00:00:00:06,33:33:00:00:00:16,3,4294967291,90
2024-03-06 12:42:09.024,00:00:00:00:00:04,33:33:00:00:00:16,2,4294967291,90
2024-03-06 12:42:09.026,00:00:00:00:00:04,33:33:00:00:00:02,2,4294967291,70
2024-03-06 12:42:09.028,00:00:00:00:00:06,33:33:00:00:00:16,3,4294967291,90
2024-03-06 12:42:09.031,00:00:00:00:00:04,33:33:00:00:00:16,1,4294967291,90
2024-03-06 12:42:09.032,00:00:00:00:00:04,33:33:00:00:00:02,1,4294967291,70
2024-03-06 12:42:09.034,00:00:00:00:00:04,33:33:00:00:00:16,1,4294967291,90
2024-03-06 12:42:09.035,00:00:00:00:00:04,33:33:00:00:00:02,1,4294967291,70
2024-03-06 12:42:09.036,00:00:00:00:00:04,33:33:00:00:00:16,1,4294967291,90
2024-03-06 12:42:09.038,00:00:00:00:00:04,33:33:00:00:00:02,1,4294967291,70
2024-03-06 12:42:09.041,00:00:00:00:00:06,33:33:00:00:00:16,1,4294967291,90
2024-03-06 12:42:09.042,00:00:00:00:00:06,33:33:00:00:00:16,1,4294967291,90
2024-03-06 12:42:09.043,00:00:00:00:00:06,33:33:00:00:00:16,1,4294967291,90
2024-03-06 12:42:09.137,3e:8d:97:91:21:11,33:33:00:00:00:16,1,4294967291,90
2024-03-06 12:42:09.273,96:24:0c:b7:60:49,33:33:00:00:00:16,2,4294967291,90
2024-03-06 12:42:09.277,96:24:0c:b7:60:49,33:33:00:00:00:16,1,4294967291,90
2024-03-06 12:42:09.281,96:24:0c:b7:60:49,33:33:00:00:00:16,1,4294967291,90
2024-03-06 12:42:09.284,96:24:0c:b7:60:49,33:33:00:00:00:16,1,4294967291,90
2024-03-06 12:42:09.288,aa:4e:63:08:b2:3d,33:33:00:00:00:16,1,4294967291,90
2024-03-06 12:42:09.293,aa:4e:63:08:b2:3d,33:33:00:00:00:16,1,4294967291,90
2024-03-06 12:42:09.294,aa:4e:63:08:b2:3d,33:33:00:00:00:16,1,4294967291,90
2024-03-06 12:42:09.296,aa:4e:63:08:b2:3d,33:33:00:00:00:16,1,4294967291,90
2024-03-06 12:42:09.342,ce:d1:19:30:6e:2c,33:33:00:00:00:16,1,4294967291,90
2024-03-06 12:42:09.345,ce:d1:19:30:6e:2c,33:33:00:00:00:02,1,4294967291,70
2024-03-06 12:42:09.350,00:00:00:00:00:0e,33:33:00:00:00:16,3,4294967291,90
2024-03-06 12:42:09.352,00:00:00:00:00:0e,33:33:00:00:00:02,3,4294967291,70
2024-03-06 12:42:09.432,00:00:00:00:00:09,33:33:00:00:00:16,1,4294967291,90
2024-03-06 12:42:09.458,00:00:00:00:00:05,33:33:00:00:00:16,2,4294967291,90
2024-03-06 12:42:09.464,00:00:00:00:00:05,33:33:00:00:00:02,2,4294967291,70
2024-03-06 12:42:09.466,00:00:00:00:00:04,33:33:00:00:00:16,3,4294967291,90
2024-03-06 12:42:09.470,00:00:00:00:00:03,33:33:00:00:00:16,2,4294967291,90
2024-03-06 12:42:09.472,00:00:00:00:00:03,33:33:00:00:00:02,2,4294967291,70
2024-03-06 12:42:09.474,00:00:00:00:00:01,33:33:00:00:00:16,2,4294967291,90
2024-03-06 12:42:09.476,00:00:00:00:00:01,33:33:00:00:00:02,2,4294967291,70
2024-03-06 12:42:09.480,00:00:00:00:00:05,33:33:00:00:00:16,3,4294967291,90
2024-03-06 12:42:09.483,00:00:00:00:00:05,33:33:00:00:00:02,3,4294967291,70
2024-03-06 12:42:09.484,00:00:00:00:00:04,33:33:00:00:00:16,2,4294967291,90
2024-03-06 12:42:09.486,00:00:00:00:00:03,33:33:00:00:00:16,2,4294967291,90
2024-03-06 12:42:09.487,00:00:00:00:00:03,33:33:00:00:00:02,2,4294967291,70
2024-03-06 12:42:09.489,00:00:00:00:00:01,33:33:00:00:00:16,1,4294967291,90
2024-03-06 12:42:09.490,00:00:00:00:00:01,33:33:00:00:00:02,1,4294967291,70
2024-03-06 12:42:09.493,00:00:00:00:00:05,33:33:00:00:00:16,1,4294967291,90
2024-03-06 12:42:09.494,00:00:00:00:00:05,33:33:00:00:00:16,1,4294967291,90
2024-03-06 12:42:09.496,00:00:00:00:00:05,33:33:00:00:00:16,1,4294967291,90
2024-03-06 12:42:09.498,00:00:00:00:00:05,33:33:00:00:00:02,1,4294967291,70
2024-03-06 12:42:09.499,00:00:00:00:00:04,33:33:00:00:00:16,1,4294967291,90
2024-03-06 12:42:09.501,00:00:00:00:00:03,33:33:00:00:00:16,1,4294967291,90
2024-03-06 12:42:09.502,00:00:00:00:00:03,33:33:00:00:00:02,1,4294967291,70
2024-03-06 12:42:09.503,00:00:00:00:00:05,33:33:00:00:00:02,1,4294967291,70
2024-03-06 12:42:09.504,00:00:00:00:00:01,33:33:00:00:00:16,1,4294967291,90
2024-03-06 12:42:09.505,00:00:00:00:00:01,33:33:00:00:00:02,1,4294967291,70
2024-03-06 12:42:09.506,00:00:00:00:00:05,33:33:00:00:00:02,1,4294967291,70
2024-03-06 12:42:09.507,00:00:00:00:00:04,33:33:00:00:00:16,1,4294967291,90
2024-03-06 12:42:09.508,00:00:00:00:00:03,33:33:00:00:00:16,1,4294967291,90
2024-03-06 12:42:09.512,00:00:00:00:00:03,33:33:00:00:00:02,1,4294967291,70
2024-03-06 12:42:09.513,00:00:00:00:00:01,33:33:00:00:00:16,1,4294967291,90
2024-03-06 12:42:09.514,00:00:00:00:00:01,33:33:00:00:00:02,1,4294967291,70
2024-03-06 12:42:09.515,00:00:00:00:00:04,33:33:00:00:00:16,1,4294967291,90
2024-03-06 12:42:09.516,00:00:00:00:00:03,33:33:00:00:00:16,1,4294967291,90
2024-03-06 12:42:09.517,00:00:00:00:00:03,33:33:00:00:00:02,1,4294967291,70
2024-03-06 12:42:09.517,00:00:00:00:00:01,33:33:00:00:00:16,1,4294967291,90
2024-03-06 12:42:09.518,00:00:00:00:00:01,33:33:00:00:00:02,1,4294967291,70
2024-03-06 12:42:09.522,00:00:00:00:00:03,33:33:00:00:00:16,2,4294967291,90
2024-03-06 12:42:09.522,c6:ea:24:87:59:b6,33:33:00:00:00:16,4,4294967291,90
2024-03-06 12:42:09.523,c6:ea:24:87:59:b6,33:33:00:00:00:02,4,4294967291,70
2024-03-06 12:42:09.524,00:00:00:00:00:0e,33:33:00:00:00:16,3,4294967291,90
2024-03-06 12:42:09.525,9a:a4:05:fe:d8:9d,33:33:00:00:00:16,1,4294967291,90
2024-03-06 12:42:09.526,9a:a4:05:fe:d8:9d,33:33:00:00:00:02,1,4294967291,70
2024-03-06 12:42:09.527,00:00:00:00:00:03,33:33:00:00:00:16,2,4294967291,90
2024-03-06 12:42:09.528,c6:ea:24:87:59:b6,33:33:00:00:00:16,1,4294967291,90
2024-03-06 12:42:09.529,c6:ea:24:87:59:b6,33:33:00:00:00:02,1,4294967291,70
2024-03-06 12:42:09.530,c6:ea:24:87:59:b6,33:33:00:00:00:16,1,4294967291,90
2024-03-06 12:42:09.530,c6:ea:24:87:59:b6,33:33:00:00:00:02,1,4294967291,70
2024-03-06 12:42:09.531,c6:ea:24:87:59:b6,33:33:00:00:00:16,1,4294967291,90
2024-03-06 12:42:09.532,c6:ea:24:87:59:b6,33:33:00:00:00:02,1,4294967291,70
2024-03-06 12:42:09.533,00:00:00:00:00:03,33:33:00:00:00:16,1,4294967291,90
2024-03-06 12:42:09.534,00:00:00:00:00:03,33:33:00:00:00:16,1,4294967291,90
2024-03-06 12:42:09.535,00:00:00:00:00:03,33:33:00:00:00:16,1,4294967291,90
2024-03-06 12:42:09.557,00:00:00:00:00:07,33:33:00:00:00:16,2,4294967291,90
2024-03-06 12:42:09.558,00:00:00:00:00:07,33:33:00:00:00:02,2,4294967291,70
2024-03-06 12:42:09.559,00:00:00:00:00:07,33:33:00:00:00:16,4,4294967291,90
2024-03-06 12:42:09.560,00:00:00:00:00:07,33:33:00:00:00:02,4,4294967291,70
2024-03-06 12:42:09.562,00:00:00:00:00:07,33:33:00:00:00:16,1,4294967291,90
2024-03-06 12:42:09.562,00:00:00:00:00:07,33:33:00:00:00:02,1,4294967291,70
2024-03-06 12:42:09.563,00:00:00:00:00:07,33:33:00:00:00:16,1,4294967291,90
2024-03-06 12:42:09.564,00:00:00:00:00:07,33:33:00:00:00:02,1,4294967291,70
2024-03-06 12:42:09.565,00:00:00:00:00:07,33:33:00:00:00:16,1,4294967291,90
2024-03-06 12:42:09.565,00:00:00:00:00:07,33:33:00:00:00:02,1,4294967291,70
2024-03-06 12:42:09.580,ea:5b:d9:31:4c:c3,33:33:00:00:00:16,3,4294967291,90
2024-03-06 12:42:09.582,ea:5b:d9:31:4c:c3,33:33:00:00:00:16,1,4294967291,90
2024-03-06 12:42:09.582,ea:5b:d9:31:4c:c3,33:33:00:00:00:16,1,4294967291,90
2024-03-06 12:42:09.583,ea:5b:d9:31:4c:c3,33:33:00:00:00:16,1,4294967291,90
2024-03-06 12:42:09.662,b2:ca:60:8e:01:16,33:33:00:00:00:16,1,4294967291,90
2024-03-06 12:42:09.664,b2:ca:60:8e:01:16,33:33:00:00:00:02,1,4294967291,70
2024-03-06 12:42:09.682,00:00:00:00:00:08,33:33:00:00:00:16,3,4294967291,90
2024-03-06 12:42:09.684,00:00:00:00:00:08,33:33:00:00:00:02,3,4294967291,70
2024-03-06 12:42:09.686,00:00:00:00:00:08,33:33:00:00:00:16,4,4294967291,90
2024-03-06 12:42:09.687,00:00:00:00:00:08,33:33:00:00:00:02,4,4294967291,70
2024-03-06 12:42:09.689,00:00:00:00:00:08,33:33:00:00:00:16,1,4294967291,90
2024-03-06 12:42:09.690,00:00:00:00:00:08,33:33:00:00:00:16,1,4294967291,90
2024-03-06 12:42:09.691,00:00:00:00:00:08,33:33:00:00:00:16,1,4294967291,90
2024-03-06 12:42:09.693,00:00:00:00:00:08,33:33:00:00:00:02,1,4294967291,70
2024-03-06 12:42:09.694,00:00:00:00:00:08,33:33:00:00:00:02,1,4294967291,70
2024-03-06 12:42:09.695,00:00:00:00:00:08,33:33:00:00:00:02,1,4294967291,70
2024-03-06 12:42:09.805,00:00:00:00:00:0f,33:33:00:00:00:16,5,4294967291,90
2024-03-06 12:42:09.808,00:00:00:00:00:0f,33:33:00:00:00:02,5,4294967291,70
2024-03-06 12:42:09.813,00:00:00:00:00:0f,33:33:00:00:00:16,1,4294967291,90
2024-03-06 12:42:09.815,00:00:00:00:00:0f,33:33:00:00:00:02,1,4294967291,70
2024-03-06 12:42:09.817,00:00:00:00:00:0f,33:33:00:00:00:16,1,4294967291,90
2024-03-06 12:42:09.820,00:00:00:00:00:0f,33:33:00:00:00:02,1,4294967291,70
2024-03-06 12:42:09.823,00:00:00:00:00:0f,33:33:00:00:00:16,1,4294967291,90
2024-03-06 12:42:09.824,00:00:00:00:00:0f,33:33:00:00:00:02,1,4294967291,70
2024-03-06 12:42:09.826,00:00:00:00:00:0f,33:33:00:00:00:16,1,4294967291,90
2024-03-06 12:42:09.828,00:00:00:00:00:0f,33:33:00:00:00:02,1,4294967291,70
2024-03-06 12:42:09.832,00:00:00:00:00:0a,33:33:00:00:00:16,2,4294967291,90
2024-03-06 12:42:09.834,00:00:00:00:00:0a,33:33:00:00:00:02,2,4294967291,70
2024-03-06 12:42:09.878,00:00:00:00:00:02,33:33:00:00:00:16,3,4294967291,90
2024-03-06 12:42:09.881,00:00:00:00:00:02,33:33:00:00:00:16,1,4294967291,90
2024-03-06 12:42:09.884,00:00:00:00:00:02,33:33:00:00:00:16,1,4294967291,90
2024-03-06 12:42:09.886,00:00:00:00:00:02,33:33:00:00:00:16,1,4294967291,90
2024-03-06 12:42:09.887,00:00:00:00:00:02,33:33:00:00:00:16,1,4294967291,90
2024-03-06 12:42:09.907,00:00:00:00:00:05,33:33:00:00:00:16,2,4294967291,90
2024-03-06 12:42:09.909,00:00:00:00:00:05,33:33:00:00:00:16,3,4294967291,90
2024-03-06 12:42:09.912,00:00:00:00:00:05,33:33:00:00:00:16,1,4294967291,90
2024-03-06 12:42:09.914,00:00:00:00:00:05,33:33:00:00:00:16,1,4294967291,90
2024-03-06 12:42:09.915,00:00:00:00:00:05,33:33:00:00:00:16,1,4294967291,90
2024-03-06 12:42:09.963,b2:ca:60:8e:01:16,33:33:00:00:00:16,1,4294967291,90
2024-03-06 12:42:10.072,9a:a4:05:fe:d8:9d,33:33:00:00:00:16,1,4294967291,90
2024-03-06 12:42:10.090,00:00:00:00:00:07,33:33:00:00:00:16,2,4294967291,90
2024-03-06 12:42:10.095,00:00:00:00:00:07,33:33:00:00:00:16,4,4294967291,90
2024-03-06 12:42:10.100,00:00:00:00:00:07,33:33:00:00:00:16,1,4294967291,90
2024-03-06 12:42:10.103,00:00:00:00:00:07,33:33:00:00:00:16,1,4294967291,90
2024-03-06 12:42:10.107,00:00:00:00:00:07,33:33:00:00:00:16,1,4294967291,90
2024-03-06 12:42:10.124,ce:d1:19:30:6e:2c,33:33:00:00:00:16,1,4294967291,90
2024-03-06 12:42:10.462,c6:ea:24:87:59:b6,33:33:00:00:00:16,4,4294967291,90
2024-03-06 12:42:10.467,00:00:00:00:00:01,33:33:00:00:00:16,2,4294967291,90
2024-03-06 12:42:10.469,00:00:00:00:00:0a,33:33:00:00:00:16,2,4294967291,90
2024-03-06 12:42:10.475,00:00:00:00:00:01,33:33:00:00:00:16,1,4294967291,90
2024-03-06 12:42:10.477,c6:ea:24:87:59:b6,33:33:00:00:00:16,1,4294967291,90
2024-03-06 12:42:10.479,c6:ea:24:87:59:b6,33:33:00:00:00:16,1,4294967291,90
2024-03-06 12:42:10.481,c6:ea:24:87:59:b6,33:33:00:00:00:16,1,4294967291,90
2024-03-06 12:42:10.485,00:00:00:00:00:01,33:33:00:00:00:16,1,4294967291,90
2024-03-06 12:42:10.486,00:00:00:00:00:01,33:33:00:00:00:16,1,4294967291,90
2024-03-06 12:42:10.488,00:00:00:00:00:01,33:33:00:00:00:16,1,4294967291,90
2024-03-06 12:42:10.548,00:00:00:00:00:08,33:33:00:00:00:16,3,4294967291,90
2024-03-06 12:42:10.553,00:00:00:00:00:08,33:33:00:00:00:16,4,4294967291,90
2024-03-06 12:42:10.557,00:00:00:00:00:08,33:33:00:00:00:16,1,4294967291,90
2024-03-06 12:42:10.559,00:00:00:00:00:08,33:33:00:00:00:16,1,4294967291,90
2024-03-06 12:42:10.562,00:00:00:00:00:08,33:33:00:00:00:16,1,4294967291,90
2024-03-06 12:42:10.828,00:00:00:00:00:0f,33:33:00:00:00:16,5,4294967291,90
2024-03-06 12:42:10.835,00:00:00:00:00:0f,33:33:00:00:00:16,1,4294967291,90
2024-03-06 12:42:10.838,00:00:00:00:00:0f,33:33:00:00:00:16,1,4294967291,90
2024-03-06 12:42:10.841,00:00:00:00:00:0f,33:33:00:00:00:16,1,4294967291,90
2024-03-06 12:42:10.844,00:00:00:00:00:0f,33:33:00:00:00:16,1,4294967291,90
2024-03-06 12:42:12.458,ea:5b:d9:31:4c:c3,33:33:00:00:00:02,3,4294967291,70
2024-03-06 12:42:12.464,aa:4e:63:08:b2:3d,33:33:00:00:00:02,1,4294967291,70
2024-03-06 12:42:12.469,ea:5b:d9:31:4c:c3,33:33:00:00:00:02,1,4294967291,70
2024-03-06 12:42:12.473,ea:5b:d9:31:4c:c3,33:33:00:00:00:02,1,4294967291,70
2024-03-06 12:42:12.475,ea:5b:d9:31:4c:c3,33:33:00:00:00:02,1,4294967291,70
2024-03-06 12:42:12.481,aa:4e:63:08:b2:3d,33:33:00:00:00:02,1,4294967291,70
2024-03-06 12:42:12.483,aa:4e:63:08:b2:3d,33:33:00:00:00:02,1,4294967291,70
2024-03-06 12:42:12.485,aa:4e:63:08:b2:3d,33:33:00:00:00:02,1,4294967291,70
2024-03-06 12:42:12.714,00:00:00:00:00:09,33:33:00:00:00:02,1,4294967291,70
2024-03-06 12:42:12.722,3e:8d:97:91:21:11,33:33:00:00:00:02,1,4294967291,70
2024-03-06 12:42:12.729,00:00:00:00:00:02,33:33:00:00:00:02,3,4294967291,70
2024-03-06 12:42:12.735,00:00:00:00:00:02,33:33:00:00:00:02,1,4294967291,70
2024-03-06 12:42:12.741,00:00:00:00:00:02,33:33:00:00:00:02,1,4294967291,70
2024-03-06 12:42:12.743,00:00:00:00:00:02,33:33:00:00:00:02,1,4294967291,70
2024-03-06 12:42:12.744,00:00:00:00:00:02,33:33:00:00:00:02,1,4294967291,70
2024-03-06 12:42:12.980,00:00:00:00:00:06,33:33:00:00:00:02,3,4294967291,70
2024-03-06 12:42:13.007,00:00:00:00:00:06,33:33:00:00:00:02,3,4294967291,70
2024-03-06 12:42:13.010,00:00:00:00:00:02,ff:ff:ff:ff:ff:ff,3,4294967291,42
2024-03-06 12:42:13.013,00:00:00:00:00:06,33:33:00:00:00:02,1,4294967291,70
2024-03-06 12:42:13.014,00:00:00:00:00:01,ff:ff:ff:ff:ff:ff,2,4294967291,42
2024-03-06 12:42:13.015,00:00:00:00:00:06,33:33:00:00:00:02,1,4294967291,70
2024-03-06 12:42:13.017,00:00:00:00:00:03,ff:ff:ff:ff:ff:ff,2,4294967291,42
2024-03-06 12:42:13.018,00:00:00:00:00:06,33:33:00:00:00:02,1,4294967291,70
2024-03-06 12:42:13.021,00:00:00:00:00:02,ff:ff:ff:ff:ff:ff,1,4294967291,42
2024-03-06 12:42:13.023,00:00:00:00:00:01,ff:ff:ff:ff:ff:ff,1,4294967291,42
2024-03-06 12:42:13.024,00:00:00:00:00:03,ff:ff:ff:ff:ff:ff,2,4294967291,42
2024-03-06 12:42:13.026,00:00:00:00:00:02,ff:ff:ff:ff:ff:ff,1,4294967291,42
2024-03-06 12:42:13.027,00:00:00:00:00:02,ff:ff:ff:ff:ff:ff,1,4294967291,42
2024-03-06 12:42:13.029,00:00:00:00:00:02,ff:ff:ff:ff:ff:ff,1,4294967291,42
2024-03-06 12:42:13.031,00:00:00:00:00:01,ff:ff:ff:ff:ff:ff,1,4294967291,42
2024-03-06 12:42:13.032,00:00:00:00:00:03,ff:ff:ff:ff:ff:ff,1,4294967291,42
2024-03-06 12:42:13.033,00:00:00:00:00:01,ff:ff:ff:ff:ff:ff,1,4294967291,42
2024-03-06 12:42:13.034,00:00:00:00:00:03,ff:ff:ff:ff:ff:ff,1,4294967291,42
2024-03-06 12:42:13.035,00:00:00:00:00:01,ff:ff:ff:ff:ff:ff,1,4294967291,42
2024-03-06 12:42:13.036,00:00:00:00:00:03,ff:ff:ff:ff:ff:ff,1,4294967291,42
2024-03-06 12:42:13.038,00:00:00:00:00:05,00:00:00:00:00:02,2,1,42
2024-03-06 12:42:13.040,00:00:00:00:00:06,00:00:00:00:00:03,3,1,42
2024-03-06 12:42:13.041,00:00:00:00:00:04,00:00:00:00:00:01,3,1,42
2024-03-06 12:42:13.043,00:00:00:00:00:05,00:00:00:00:00:02,3,1,42
2024-03-06 12:42:13.045,00:00:00:00:00:06,00:00:00:00:00:03,3,2,42
2024-03-06 12:42:13.046,00:00:00:00:00:04,00:00:00:00:00:01,2,1,42
2024-03-06 12:42:13.047,00:00:00:00:00:05,00:00:00:00:00:02,1,3,42
2024-03-06 12:42:13.049,00:00:00:00:00:04,00:00:00:00:00:01,1,2,42
2024-03-06 12:42:13.050,00:00:00:00:00:06,00:00:00:00:00:03,1,2,42
2024-03-06 12:42:13.052,00:00:00:00:00:02,00:00:00:00:00:05,3,1,1512
2024-03-06 12:42:13.053,00:00:00:00:00:02,00:00:00:00:00:05,3,1,1512
2024-03-06 12:42:13.054,00:00:00:00:00:02,00:00:00:00:00:05,3,1,1512
2024-03-06 12:42:13.055,00:00:00:00:00:02,00:00:00:00:00:05,3,1,1512
2024-03-06 12:42:13.056,00:00:00:00:00:02,00:00:00:00:00:05,3,1,1512
2024-03-06 12:42:13.056,00:00:00:00:00:02,00:00:00:00:00:05,3,1,1512
2024-03-06 12:42:13.057,00:00:00:00:00:02,00:00:00:00:00:05,3,1,1512
2024-03-06 12:42:13.061,00:00:00:00:00:03,00:00:00:00:00:06,2,1,1512
2024-03-06 12:42:13.061,00:00:00:00:00:03,00:00:00:00:00:06,2,1,1512
2024-03-06 12:42:13.062,00:00:00:00:00:03,00:00:00:00:00:06,2,1,1512
2024-03-06 12:42:13.063,00:00:00:00:00:03,00:00:00:00:00:06,2,1,1512
2024-03-06 12:42:13.064,00:00:00:00:00:03,00:00:00:00:00:06,2,1,1512
2024-03-06 12:42:13.065,00:00:00:00:00:03,00:00:00:00:00:06,2,1,1512
2024-03-06 12:42:13.066,00:00:00:00:00:03,00:00:00:00:00:06,2,1,1512
2024-03-06 12:42:13.067,00:00:00:00:00:03,00:00:00:00:00:06,2,1,1512
2024-03-06 12:42:13.068,00:00:00:00:00:01,00:00:00:00:00:04,2,1,1512
2024-03-06 12:42:13.068,00:00:00:00:00:01,00:00:00:00:00:04,2,1,1512
2024-03-06 12:42:13.070,00:00:00:00:00:01,00:00:00:00:00:04,2,1,1512
2024-03-06 12:42:13.071,00:00:00:00:00:01,00:00:00:00:00:04,2,1,1512
2024-03-06 12:42:13.072,00:00:00:00:00:01,00:00:00:00:00:04,2,1,1512
2024-03-06 12:42:13.073,00:00:00:00:00:01,00:00:00:00:00:04,2,1,1512
2024-03-06 12:42:13.074,00:00:00:00:00:01,00:00:00:00:00:04,2,1,1512
2024-03-06 12:42:13.075,00:00:00:00:00:01,00:00:00:00:00:04,2,1,1512
2024-03-06 12:42:13.076,00:00:00:00:00:01,00:00:00:00:00:04,2,1,1512
2024-03-06 12:42:13.088,00:00:00:00:00:01,00:00:00:00:00:04,2,1,1512
2024-03-06 12:42:13.090,00:00:00:00:00:01,00:00:00:00:00:04,2,1,1512
2024-03-06 12:42:13.091,00:00:00:00:00:02,00:00:00:00:00:05,3,1,1512
2024-03-06 12:42:13.092,00:00:00:00:00:01,00:00:00:00:00:04,2,1,1512
2024-03-06 12:42:13.093,00:00:00:00:00:02,00:00:00:00:00:05,3,1,1512
2024-03-06 12:42:13.094,00:00:00:00:00:02,00:00:00:00:00:05,1,3,1512
2024-03-06 12:42:13.095,00:00:00:00:00:02,00:00:00:00:00:05,1,3,1512
2024-03-06 12:42:13.096,00:00:00:00:00:02,00:00:00:00:00:05,1,3,1512
2024-03-06 12:42:13.097,00:00:00:00:00:02,00:00:00:00:00:05,1,3,1512
2024-03-06 12:42:13.098,00:00:00:00:00:02,00:00:00:00:00:05,1,3,1512
2024-03-06 12:42:13.100,00:00:00:00:00:02,00:00:00:00:00:05,1,3,1512
2024-03-06 12:42:13.102,00:00:00:00:00:02,00:00:00:00:00:05,1,3,1512
2024-03-06 12:42:13.103,00:00:00:00:00:02,00:00:00:00:00:05,1,3,1512
2024-03-06 12:42:13.104,00:00:00:00:00:02,00:00:00:00:00:05,1,3,1512
2024-03-06 12:42:13.110,00:00:00:00:00:02,00:00:00:00:00:05,1,3,1512
2024-03-06 12:42:13.111,00:00:00:00:00:01,00:00:00:00:00:04,2,1,1512
2024-03-06 12:42:13.112,00:00:00:00:00:01,00:00:00:00:00:04,2,1,1512
2024-03-06 12:42:13.113,00:00:00:00:00:01,00:00:00:00:00:04,2,1,1512
2024-03-06 12:42:13.114,00:00:00:00:00:01,00:00:00:00:00:04,2,1,1512
2024-03-06 12:42:13.115,00:00:00:00:00:01,00:00:00:00:00:04,2,1,1512
2024-03-06 12:42:13.117,00:00:00:00:00:01,00:00:00:00:00:04,2,1,1512
2024-03-06 12:42:13.118,00:00:00:00:00:03,00:00:00:00:00:06,2,1,1512
2024-03-06 12:42:13.119,00:00:00:00:00:03,00:00:00:00:00:06,2,1,1512
2024-03-06 12:42:13.120,00:00:00:00:00:03,00:00:00:00:00:06,2,1,1512
2024-03-06 12:42:13.121,00:00:00:00:00:03,00:00:00:00:00:06,2,1,1512
2024-03-06 12:42:13.122,00:00:00:00:00:01,00:00:00:00:00:04,2,1,1512
2024-03-06 12:42:13.123,00:00:00:00:00:03,00:00:00:00:00:06,2,3,1512
2024-03-06 12:42:13.124,00:00:00:00:00:03,00:00:00:00:00:06,2,3,1512
2024-03-06 12:42:13.125,00:00:00:00:00:03,00:00:00:00:00:06,2,3,1512
2024-03-06 12:42:13.126,00:00:00:00:00:03,00:00:00:00:00:06,2,3,1512
2024-03-06 12:42:13.126,00:00:00:00:00:03,00:00:00:00:00:06,2,3,1512
2024-03-06 12:42:13.127,00:00:00:00:00:03,00:00:00:00:00:06,2,3,1512
2024-03-06 12:42:13.128,00:00:00:00:00:02,00:00:00:00:00:05,1,3,1512
2024-03-06 12:42:13.134,00:00:00:00:00:03,00:00:00:00:00:06,2,3,1512
2024-03-06 12:42:13.136,00:00:00:00:00:03,00:00:00:00:00:06,2,3,1512
2024-03-06 12:42:13.137,00:00:00:00:00:01,00:00:00:00:00:04,1,2,1512
2024-03-06 12:42:13.138,00:00:00:00:00:01,00:00:00:00:00:04,1,2,1512
2024-03-06 12:42:13.139,00:00:00:00:00:01,00:00:00:00:00:04,1,2,1512
2024-03-06 12:42:13.140,00:00:00:00:00:01,00:00:00:00:00:04,1,2,1512
2024-03-06 12:42:13.141,00:00:00:00:00:01,00:00:00:00:00:04,1,2,1512
2024-03-06 12:42:13.141,00:00:00:00:00:01,00:00:00:00:00:04,1,2,1512
2024-03-06 12:42:13.145,00:00:00:00:00:01,00:00:00:00:00:04,1,2,1512
2024-03-06 12:42:13.146,00:00:00:00:00:01,00:00:00:00:00:04,1,2,1512
2024-03-06 12:42:13.146,00:00:00:00:00:03,00:00:00:00:00:06,2,3,1512
2024-03-06 12:42:13.147,00:00:00:00:00:01,00:00:00:00:00:04,1,2,1512
2024-03-06 12:42:13.148,00:00:00:00:00:02,00:00:00:00:00:05,1,3,1512
2024-03-06 12:42:13.149,00:00:00:00:00:01,00:00:00:00:00:04,1,2,1512
2024-03-06 12:42:13.150,00:00:00:00:00:03,00:00:00:00:00:06,2,3,1512
2024-03-06 12:42:13.151,00:00:00:00:00:01,00:00:00:00:00:04,1,2,1512
2024-03-06 12:42:13.154,00:00:00:00:00:02,00:00:00:00:00:05,1,3,1512
2024-03-06 12:42:13.155,00:00:00:00:00:03,00:00:00:00:00:06,2,3,1512
2024-03-06 12:42:13.156,00:00:00:00:00:01,00:00:00:00:00:04,1,2,1512
2024-03-06 12:42:13.157,00:00:00:00:00:02,00:00:00:00:00:05,1,3,1512
2024-03-06 12:42:13.157,00:00:00:00:00:01,00:00:00:00:00:04,1,2,1512
2024-03-06 12:42:13.158,00:00:00:00:00:03,00:00:00:00:00:06,2,3,1512
2024-03-06 12:42:13.159,00:00:00:00:00:01,00:00:00:00:00:04,1,2,1512
2024-03-06 12:42:13.160,00:00:00:00:00:01,00:00:00:00:00:04,1,2,1512
2024-03-06 12:42:13.165,00:00:00:00:00:01,00:00:00:00:00:04,1,2,1512
2024-03-06 12:42:13.165,00:00:00:00:00:02,00:00:00:00:00:05,1,3,1512
2024-03-06 12:42:13.166,00:00:00:00:00:01,00:00:00:00:00:04,1,2,1512
2024-03-06 12:42:13.167,00:00:00:00:00:02,00:00:00:00:00:05,1,3,1512
2024-03-06 12:42:13.168,00:00:00:00:00:01,00:00:00:00:00:04,1,2,1512
2024-03-06 12:42:13.169,00:00:00:00:00:02,00:00:00:00:00:05,1,2,1512
2024-03-06 12:42:13.169,00:00:00:00:00:02,00:00:00:00:00:05,1,2,1512
2024-03-06 12:42:13.170,00:00:00:00:00:02,00:00:00:00:00:05,1,2,1512
2024-03-06 12:42:13.171,00:00:00:00:00:02,00:00:00:00:00:05,1,2,1512
2024-03-06 12:42:13.172,00:00:00:00:00:02,00:00:00:00:00:05,1,2,1512
2024-03-06 12:42:13.172,00:00:00:00:00:02,00:00:00:00:00:05,1,2,1512
2024-03-06 12:42:13.173,00:00:00:00:00:02,00:00:00:00:00:05,1,2,1512
2024-03-06 12:42:13.174,00:00:00:00:00:02,00:00:00:00:00:05,1,2,1512
2024-03-06 12:42:13.175,00:00:00:00:00:02,00:00:00:00:00:05,1,3,1512
2024-03-06 12:42:13.176,00:00:00:00:00:03,00:00:00:00:00:06,2,3,1512
2024-03-06 12:42:13.176,00:00:00:00:00:01,00:00:00:00:00:04,1,2,1512
2024-03-06 12:42:13.181,00:00:00:00:00:01,00:00:00:00:00:04,1,2,1512
2024-03-06 12:42:13.182,00:00:00:00:00:03,00:00:00:00:00:06,2,3,1512
2024-03-06 12:42:13.183,00:00:00:00:00:01,00:00:00:00:00:04,1,2,1512
2024-03-06 12:42:13.183,00:00:00:00:00:03,00:00:00:00:00:06,2,3,1512
2024-03-06 12:42:13.184,00:00:00:00:00:01,00:00:00:00:00:04,1,2,1512
2024-03-06 12:42:13.185,00:00:00:00:00:01,00:00:00:00:00:04,1,2,1512
2024-03-06 12:42:13.186,00:00:00:00:00:02,00:00:00:00:00:05,1,2,1512
2024-03-06 12:42:13.187,00:00:00:00:00:02,00:00:00:00:00:05,1,2,1512
2024-03-06 12:42:13.187,00:00:00:00:00:02,00:00:00:00:00:05,1,2,1512
2024-03-06 12:42:13.188,00:00:00:00:00:02,00:00:00:00:00:05,1,2,1512
2024-03-06 12:42:13.189,00:00:00:00:00:02,00:00:00:00:00:05,1,2,1512
2024-03-06 12:42:13.190,00:00:00:00:00:03,00:00:00:00:00:06,1,3,1512
2024-03-06 12:42:13.190,00:00:00:00:00:03,00:00:00:00:00:06,1,3,1512
2024-03-06 12:42:13.191,00:00:00:00:00:03,00:00:00:00:00:06,1,3,1512
2024-03-06 12:42:13.192,00:00:00:00:00:03,00:00:00:00:00:06,1,3,1512
2024-03-06 12:42:13.196,00:00:00:00:00:03,00:00:00:00:00:06,1,3,1512
2024-03-06 12:42:13.197,00:00:00:00:00:03,00:00:00:00:00:06,1,3,1512
2024-03-06 12:42:13.197,00:00:00:00:00:03,00:00:00:00:00:06,2,3,1512
2024-03-06 12:42:13.198,00:00:00:00:00:01,00:00:00:00:00:04,1,2,1512
2024-03-06 12:42:13.199,00:00:00:00:00:01,00:00:00:00:00:04,1,2,1512
2024-03-06 12:42:13.200,00:00:00:00:00:01,00:00:00:00:00:04,1,2,1512
2024-03-06 12:42:13.200,00:00:00:00:00:01,00:00:00:00:00:04,1,2,1512
2024-03-06 12:42:13.201,00:00:00:00:00:01,00:00:00:00:00:04,1,2,1512
2024-03-06 12:42:13.202,00:00:00:00:00:03,00:00:00:00:00:06,2,3,1512
2024-03-06 12:42:13.203,00:00:00:00:00:03,00:00:00:00:00:06,2,3,1512
2024-03-06 12:42:13.204,00:00:00:00:00:03,00:00:00:00:00:06,2,3,1512
2024-03-06 12:42:13.207,00:00:00:00:00:03,00:00:00:00:00:06,2,3,1512
2024-03-06 12:42:13.208,00:00:00:00:00:01,00:00:00:00:00:04,1,2,1512
2024-03-06 12:42:13.208,00:00:00:00:00:01,00:00:00:00:00:04,1,2,1512
2024-03-06 12:42:13.209,00:00:00:00:00:01,00:00:00:00:00:04,1,2,1512
2024-03-06 12:42:13.210,00:00:00:00:00:02,00:00:00:00:00:05,1,2,1512
2024-03-06 12:42:13.211,00:00:00:00:00:03,00:00:00:00:00:06,1,3,1512
2024-03-06 12:42:13.212,00:00:00:00:00:02,00:00:00:00:00:05,1,2,1512
2024-03-06 12:42:13.213,00:00:00:00:00:01,00:00:00:00:00:04,1,2,1512
2024-03-06 12:42:13.214,00:00:00:00:00:01,00:00:00:00:00:04,1,2,1512
2024-03-06 12:42:13.215,00:00:00:00:00:01,00:00:00:00:00:04,1,3,1512
2024-03-06 12:42:13.216,00:00:00:00:00:01,00:00:00:00:00:04,1,3,1512
2024-03-06 12:42:13.217,00:00:00:00:00:01,00:00:00:00:00:04,1,3,1512
2024-03-06 12:42:13.218,00:00:00:00:00:01,00:00:00:00:00:04,1,3,1512
2024-03-06 12:42:13.219,00:00:00:00:00:01,00:00:00:00:00:04,1,3,1512
2024-03-06 12:42:13.220,00:00:00:00:00:02,00:00:00:00:00:05,1,2,1512
2024-03-06 12:42:13.221,00:00:00:00:00:03,00:00:00:00:00:06,1,3,1512
2024-03-06 12:42:13.222,00:00:00:00:00:03,00:00:00:00:00:06,1,3,1512
2024-03-06 12:42:13.223,00:00:00:00:00:03,00:00:00:00:00:06,1,3,1512
2024-03-06 12:42:13.224,00:00:00:00:00:02,00:00:00:00:00:05,1,2,1512
2024-03-06 12:42:13.225,00:00:00:00:00:03,00:00:00:00:00:06,1,3,1512
2024-03-06 12:42:13.230,00:00:00:00:00:01,00:00:00:00:00:04,1,3,1512
2024-03-06 12:42:13.231,00:00:00:00:00:01,00:00:00:00:00:04,1,2,1512
2024-03-06 12:42:13.232,00:00:00:00:00:01,00:00:00:00:00:04,1,3,1512
2024-03-06 12:42:13.233,00:00:00:00:00:01,00:00:00:00:00:04,1,3,1512
2024-03-06 12:42:13.234,00:00:00:00:00:01,00:00:00:00:00:04,1,3,1512
2024-03-06 12:42:13.235,00:00:00:00:00:01,00:00:00:00:00:04,1,3,1512
2024-03-06 12:42:13.236,00:00:00:00:00:01,00:00:00:00:00:04,1,3,1512
2024-03-06 12:42:13.237,00:00:00:00:00:01,00:00:00:00:00:04,1,3,1512
2024-03-06 12:42:13.238,00:00:00:00:00:03,00:00:00:00:00:06,1,3,1512
2024-03-06 12:42:13.239,00:00:00:00:00:02,00:00:00:00:00:05,1,2,1512
2024-03-06 12:42:13.239,00:00:00:00:00:03,00:00:00:00:00:06,1,3,1512
2024-03-06 12:42:13.240,00:00:00:00:00:02,00:00:00:00:00:05,1,2,1512
2024-03-06 12:42:13.241,00:00:00:00:00:03,00:00:00:00:00:06,1,3,1512
2024-03-06 12:42:13.242,00:00:00:00:00:02,00:00:00:00:00:05,1,2,1512
2024-03-06 12:42:13.242,00:00:00:00:00:01,00:00:00:00:00:04,1,3,1512
2024-03-06 12:42:13.243,00:00:00:00:00:01,00:00:00:00:00:04,1,3,1512
2024-03-06 12:42:13.247,00:00:00:00:00:01,00:00:00:00:00:04,1,3,1512
2024-03-06 12:42:13.248,00:00:00:00:00:01,00:00:00:00:00:04,1,3,1512
2024-03-06 12:42:13.248,00:00:00:00:00:01,00:00:00:00:00:04,1,3,1512
2024-03-06 12:42:13.249,00:00:00:00:00:01,00:00:00:00:00:04,1,3,1512
2024-03-06 12:42:13.250,00:00:00:00:00:03,00:00:00:00:00:06,1,3,1512
2024-03-06 12:42:13.251,00:00:00:00:00:02,00:00:00:00:00:05,1,2,1512
2024-03-06 12:42:13.252,00:00:00:00:00:03,00:00:00:00:00:06,1,3,1512
2024-03-06 12:42:13.253,00:00:00:00:00:02,00:00:00:00:00:05,1,2,1512
2024-03-06 12:42:13.253,00:00:00:00:00:03,00:00:00:00:00:06,1,3,1512
2024-03-06 12:42:13.254,00:00:00:00:00:02,00:00:00:00:00:05,1,2,1512
2024-03-06 12:42:13.255,00:00:00:00:00:03,00:00:00:00:00:06,1,3,1512
2024-03-06 12:42:13.255,00:00:00:00:00:02,00:00:00:00:00:05,1,2,1512
2024-03-06 12:42:13.256,00:00:00:00:00:03,00:00:00:00:00:06,1,3,1512
2024-03-06 12:42:13.259,00:00:00:00:00:01,00:00:00:00:00:04,1,3,1512
2024-03-06 12:42:13.260,00:00:00:00:00:01,00:00:00:00:00:04,1,3,1512
2024-03-06 12:42:13.260,00:00:00:00:00:01,00:00:00:00:00:04,1,3,1512
2024-03-06 12:42:13.261,00:00:00:00:00:01,00:00:00:00:00:04,1,3,1512
2024-03-06 12:42:13.262,00:00:00:00:00:01,00:00:00:00:00:04,1,3,1512
2024-03-06 12:42:13.263,00:00:00:00:00:01,00:00:00:00:00:04,1,3,1512
2024-03-06 12:42:13.263,00:00:00:00:00:01,00:00:00:00:00:04,1,3,1512
2024-03-06 12:42:13.264,00:00:00:00:00:01,00:00:00:00:00:04,1,3,1512
2024-03-06 12:42:13.265,00:00:00:00:00:02,00:00:00:00:00:05,1,2,1512
2024-03-06 12:42:13.265,00:00:00:00:00:02,00:00:00:00:00:05,1,2,1512
2024-03-06 12:42:13.266,00:00:00:00:00:02,00:00:00:00:00:05,1,2,1512
2024-03-06 12:42:13.267,00:00:00:00:00:03,00:00:00:00:00:06,1,3,1512
2024-03-06 12:42:13.267,00:00:00:00:00:02,00:00:00:00:00:05,1,2,1512
2024-03-06 12:42:13.268,00:00:00:00:00:03,00:00:00:00:00:06,1,3,1512
2024-03-06 12:42:13.269,00:00:00:00:00:03,00:00:00:00:00:06,1,3,1512
2024-03-06 12:42:13.270,00:00:00:00:00:01,00:00:00:00:00:04,1,3,1512
2024-03-06 12:42:13.274,00:00:00:00:00:01,00:00:00:00:00:04,1,3,1512
2024-03-06 12:42:13.274,00:00:00:00:00:01,00:00:00:00:00:04,1,3,1512
2024-03-06 12:42:13.275,00:00:00:00:00:03,00:00:00:00:00:06,1,3,1512
2024-03-06 12:42:13.276,00:00:00:00:00:03,00:00:00:00:00:06,1,3,1512
2024-03-06 12:42:13.277,00:00:00:00:00:03,00:00:00:00:00:06,1,3,1512
2024-03-06 12:42:13.277,00:00:00:00:00:01,00:00:00:00:00:04,1,3,1512
2024-03-06 12:42:13.278,00:00:00:00:00:01,00:00:00:00:00:04,1,3,1512
2024-03-06 12:42:13.279,00:00:00:00:00:01,00:00:00:00:00:04,1,3,1512
2024-03-06 12:42:13.279,00:00:00:00:00:01,00:00:00:00:00:04,1,3,1512
2024-03-06 12:42:13.280,00:00:00:00:00:01,00:00:00:00:00:04,1,3,1512
2024-03-06 12:42:13.281,00:00:00:00:00:01,00:00:00:00:00:04,1,3,1512
2024-03-06 12:42:13.284,00:00:00:00:00:01,00:00:00:00:00:04,1,3,1512
2024-03-06 12:42:13.285,00:00:00:00:00:01,00:00:00:00:00:04,1,3,1512
2024-03-06 12:42:13.286,00:00:00:00:00:01,00:00:00:00:00:04,1,3,1512
2024-03-06 12:42:13.287,00:00:00:00:00:01,00:00:00:00:00:04,1,3,1512
2024-03-06 12:42:13.288,00:00:00:00:00:01,00:00:00:00:00:04,1,3,1512
2024-03-06 12:42:13.288,00:00:00:00:00:01,00:00:00:00:00:04,1,3,1512
2024-03-06 12:42:13.289,00:00:00:00:00:01,00:00:00:00:00:04,1,3,1512
2024-03-06 12:42:13.290,00:00:00:00:00:01,00:00:00:00:00:04,1,3,1512
2024-03-06 12:42:13.292,00:00:00:00:00:0e,33:33:00:00:00:02,3,4294967291,70
2024-03-06 12:42:13.292,00:00:00:00:00:01,00:00:00:00:00:04,1,3,1512
2024-03-06 12:42:13.293,00:00:00:00:00:01,00:00:00:00:00:04,1,3,1512
2024-03-06 12:42:13.294,00:00:00:00:00:01,00:00:00:00:00:04,1,3,1512
2024-03-06 12:42:13.295,00:00:00:00:00:03,33:33:00:00:00:02,2,4294967291,70
2024-03-06 12:42:13.295,00:00:00:00:00:04,33:33:00:00:00:02,3,4294967291,70
2024-03-06 12:42:13.296,00:00:00:00:00:01,00:00:00:00:00:04,1,3,1512
2024-03-06 12:42:13.297,96:24:0c:b7:60:49,33:33:00:00:00:02,2,4294967291,70
2024-03-06 12:42:13.297,00:00:00:00:00:01,33:33:00:00:00:02,2,4294967291,70
2024-03-06 12:42:13.298,00:00:00:00:00:01,00:00:00:00:00:04,1,3,1512
2024-03-06 12:42:13.298,00:00:00:00:00:01,00:00:00:00:00:04,1,3,1512
2024-03-06 12:42:13.299,00:00:00:00:00:01,00:00:00:00:00:04,1,3,1512
2024-03-06 12:42:13.302,00:00:00:00:00:01,00:00:00:00:00:04,1,3,1512
2024-03-06 12:42:13.303,00:00:00:00:00:01,00:00:00:00:00:04,1,3,1512
2024-03-06 12:42:13.304,00:00:00:00:00:01,00:00:00:00:00:04,1,3,1512
2024-03-06 12:42:13.305,00:00:00:00:00:01,00:00:00:00:00:04,1,3,1512
2024-03-06 12:42:13.306,96:24:0c:b7:60:49,33:33:00:00:00:02,1,4294967291,70
2024-03-06 12:42:13.306,00:00:00:00:00:03,33:33:00:00:00:02,2,4294967291,70
2024-03-06 12:42:13.307,00:00:00:00:00:04,33:33:00:00:00:02,2,4294967291,70
2024-03-06 12:42:13.308,00:00:00:00:00:01,33:33:00:00:00:02,1,4294967291,70
2024-03-06 12:42:13.309,96:24:0c:b7:60:49,33:33:00:00:00:02,1,4294967291,70
2024-03-06 12:42:13.309,96:24:0c:b7:60:49,33:33:00:00:00:02,1,4294967291,70
2024-03-06 12:42:13.312,00:00:00:00:00:03,33:33:00:00:00:02,1,4294967291,70
2024-03-06 12:42:13.313,00:00:00:00:00:04,33:33:00:00:00:02,1,4294967291,70
2024-03-06 12:42:13.314,00:00:00:00:00:01,33:33:00:00:00:02,1,4294967291,70
2024-03-06 12:42:13.314,00:00:00:00:00:01,33:33:00:00:00:02,1,4294967291,70
2024-03-06 12:42:13.315,00:00:00:00:00:03,33:33:00:00:00:02,1,4294967291,70
2024-03-06 12:42:13.316,00:00:00:00:00:04,33:33:00:00:00:02,1,4294967291,70
2024-03-06 12:42:13.317,00:00:00:00:00:03,33:33:00:00:00:02,1,4294967291,70
2024-03-06 12:42:13.317,00:00:00:00:00:04,33:33:00:00:00:02,1,4294967291,70
2024-03-06 12:42:13.318,00:00:00:00:00:01,33:33:00:00:00:02,1,4294967291,70
2024-03-06 12:42:13.486,9a:a4:05:fe:d8:9d,33:33:00:00:00:02,1,4294967291,70
2024-03-06 12:42:13.488,c6:ea:24:87:59:b6,33:33:00:00:00:02,4,4294967291,70
2024-03-06 12:42:13.490,b2:ca:60:8e:01:16,33:33:00:00:00:02,1,4294967291,70
2024-03-06 12:42:13.491,00:00:00:00:00:05,33:33:00:00:00:02,2,4294967291,70
2024-03-06 12:42:13.492,ce:d1:19:30:6e:2c,33:33:00:00:00:02,1,4294967291,70
2024-03-06 12:42:13.494,c6:ea:24:87:59:b6,33:33:00:00:00:02,1,4294967291,70
2024-03-06 12:42:13.495,c6:ea:24:87:59:b6,33:33:00:00:00:02,1,4294967291,70
2024-03-06 12:42:13.496,c6:ea:24:87:59:b6,33:33:00:00:00:02,1,4294967291,70
2024-03-06 12:42:13.497,00:00:00:00:00:05,33:33:00:00:00:02,3,4294967291,70
2024-03-06 12:42:13.499,00:00:00:00:00:05,33:33:00:00:00:02,1,4294967291,70
2024-03-06 12:42:13.500,00:00:00:00:00:05,33:33:00:00:00:02,1,4294967291,70
2024-03-06 12:42:13.501,00:00:00:00:00:05,33:33:00:00:00:02,1,4294967291,70
2024-03-06 12:42:13.742,00:00:00:00:00:07,33:33:00:00:00:02,2,4294967291,70
2024-03-06 12:42:13.744,00:00:00:00:00:0f,33:33:00:00:00:02,5,4294967291,70
2024-03-06 12:42:13.746,00:00:00:00:00:0a,33:33:00:00:00:02,2,4294967291,70
2024-03-06 12:42:13.753,00:00:00:00:00:0f,33:33:00:00:00:02,1,4294967291,70
2024-03-06 12:42:13.784,00:00:00:00:00:0f,33:33:00:00:00:02,1,4294967291,70
2024-03-06 12:42:13.794,00:00:00:00:00:0f,33:33:00:00:00:02,1,4294967291,70
2024-03-06 12:42:13.795,00:00:00:00:00:07,33:33:00:00:00:02,4,4294967291,70
2024-03-06 12:42:13.797,00:00:00:00:00:0f,33:33:00:00:00:02,1,4294967291,70
2024-03-06 12:42:13.811,00:00:00:00:00:07,33:33:00:00:00:02,1,4294967291,70
2024-03-06 12:42:13.813,00:00:00:00:00:07,33:33:00:00:00:02,1,4294967291,70
2024-03-06 12:42:13.818,00:00:00:00:00:07,33:33:00:00:00:02,1,4294967291,70
2024-03-06 12:42:13.996,00:00:00:00:00:08,33:33:00:00:00:02,3,4294967291,70
2024-03-06 12:42:14.015,00:00:00:00:00:08,33:33:00:00:00:02,4,4294967291,70
2024-03-06 12:42:14.020,00:00:00:00:00:08,33:33:00:00:00:02,1,4294967291,70
2024-03-06 12:42:14.023,00:00:00:00:00:08,33:33:00:00:00:02,1,4294967291,70
2024-03-06 12:42:14.024,00:00:00:00:00:08,33:33:00:00:00:02,1,4294967291,70
2024-03-06 12:42:19.636,aa:4e:63:08:b2:3d,33:33:00:00:00:02,1,4294967291,70
2024-03-06 12:42:19.640,ea:5b:d9:31:4c:c3,33:33:00:00:00:02,3,4294967291,70
2024-03-06 12:42:19.647,ea:5b:d9:31:4c:c3,33:33:00:00:00:02,1,4294967291,70
2024-03-06 12:42:19.650,aa:4e:63:08:b2:3d,33:33:00:00:00:02,1,4294967291,70
2024-03-06 12:42:19.653,ea:5b:d9:31:4c:c3,33:33:00:00:00:02,1,4294967291,70
2024-03-06 12:42:19.655,aa:4e:63:08:b2:3d,33:33:00:00:00:02,1,4294967291,70
2024-03-06 12:42:19.657,aa:4e:63:08:b2:3d,33:33:00:00:00:02,1,4294967291,70
2024-03-06 12:42:19.659,ea:5b:d9:31:4c:c3,33:33:00:00:00:02,1,4294967291,70
2024-03-06 12:42:20.147,00:00:00:00:00:09,33:33:00:00:00:02,1,4294967291,70
2024-03-06 12:42:20.155,00:00:00:00:00:02,33:33:00:00:00:02,3,4294967291,70
2024-03-06 12:42:20.162,00:00:00:00:00:02,33:33:00:00:00:02,1,4294967291,70
2024-03-06 12:42:20.166,00:00:00:00:00:02,33:33:00:00:00:02,1,4294967291,70
2024-03-06 12:42:20.168,00:00:00:00:00:02,33:33:00:00:00:02,1,4294967291,70
2024-03-06 12:42:20.170,00:00:00:00:00:02,33:33:00:00:00:02,1,4294967291,70
2024-03-06 12:42:20.397,00:00:00:00:00:01,33:33:00:00:00:02,2,4294967291,70
2024-03-06 12:42:20.401,3e:8d:97:91:21:11,33:33:00:00:00:02,1,4294967291,70
2024-03-06 12:42:20.407,00:00:00:00:00:01,33:33:00:00:00:02,1,4294967291,70
2024-03-06 12:42:20.412,00:00:00:00:00:01,33:33:00:00:00:02,1,4294967291,70
2024-03-06 12:42:20.415,00:00:00:00:00:01,33:33:00:00:00:02,1,4294967291,70
2024-03-06 12:42:20.418,00:00:00:00:00:01,33:33:00:00:00:02,1,4294967291,70
2024-03-06 12:42:20.653,00:00:00:00:00:0e,33:33:00:00:00:02,3,4294967291,70
2024-03-06 12:42:20.658,00:00:00:00:00:06,33:33:00:00:00:02,3,4294967291,70
2024-03-06 12:42:20.664,00:00:00:00:00:06,33:33:00:00:00:02,3,4294967291,70
2024-03-06 12:42:20.668,00:00:00:00:00:06,33:33:00:00:00:02,1,4294967291,70
2024-03-06 12:42:20.670,00:00:00:00:00:06,33:33:00:00:00:02,1,4294967291,70
2024-03-06 12:42:20.672,00:00:00:00:00:06,33:33:00:00:00:02,1,4294967291,70
2024-03-06 12:42:20.920,b2:ca:60:8e:01:16,33:33:00:00:00:02,1,4294967291,70
2024-03-06 12:42:20.927,00:00:00:00:00:03,33:33:00:00:00:02,2,4294967291,70
2024-03-06 12:42:20.935,00:00:00:00:00:03,33:33:00:00:00:02,2,4294967291,70
2024-03-06 12:42:20.943,00:00:00:00:00:03,33:33:00:00:00:02,1,4294967291,70
2024-03-06 12:42:20.946,00:00:00:00:00:03,33:33:00:00:00:02,1,4294967291,70
2024-03-06 12:42:20.949,00:00:00:00:00:03,33:33:00:00:00:02,1,4294967291,70
2024-03-06 12:42:21.165,00:00:00:00:00:04,33:33:00:00:00:02,3,4294967291,70
2024-03-06 12:42:21.169,00:00:00:00:00:0f,33:33:00:00:00:02,5,4294967291,70
2024-03-06 12:42:21.173,c6:ea:24:87:59:b6,33:33:00:00:00:02,4,4294967291,70
2024-03-06 12:42:21.181,00:00:00:00:00:0f,33:33:00:00:00:02,1,4294967291,70
2024-03-06 12:42:21.183,c6:ea:24:87:59:b6,33:33:00:00:00:02,1,4294967291,70
2024-03-06 12:42:21.185,00:00:00:00:00:0f,33:33:00:00:00:02,1,4294967291,70
2024-03-06 12:42:21.187,00:00:00:00:00:04,33:33:00:00:00:02,2,4294967291,70
2024-03-06 12:42:21.189,00:00:00:00:00:0f,33:33:00:00:00:02,1,4294967291,70
2024-03-06 12:42:21.191,c6:ea:24:87:59:b6,33:33:00:00:00:02,1,4294967291,70
2024-03-06 12:42:21.192,00:00:00:00:00:0f,33:33:00:00:00:02,1,4294967291,70
2024-03-06 12:42:21.194,c6:ea:24:87:59:b6,33:33:00:00:00:02,1,4294967291,70
2024-03-06 12:42:21.197,00:00:00:00:00:04,33:33:00:00:00:02,1,4294967291,70
2024-03-06 12:42:21.199,00:00:00:00:00:04,33:33:00:00:00:02,1,4294967291,70
2024-03-06 12:42:21.200,00:00:00:00:00:04,33:33:00:00:00:02,1,4294967291,70
2024-03-06 12:42:21.419,9a:a4:05:fe:d8:9d,33:33:00:00:00:02,1,4294967291,70
2024-03-06 12:42:21.677,00:00:00:00:00:0a,33:33:00:00:00:02,2,4294967291,70
2024-03-06 12:42:21.680,00:00:00:00:00:05,33:33:00:00:00:02,2,4294967291,70
2024-03-06 12:42:21.682,96:24:0c:b7:60:49,33:33:00:00:00:02,2,4294967291,70
2024-03-06 12:42:21.684,00:00:00:00:00:07,33:33:00:00:00:02,2,4294967291,70
2024-03-06 12:42:21.692,96:24:0c:b7:60:49,33:33:00:00:00:02,1,4294967291,70
2024-03-06 12:42:21.694,96:24:0c:b7:60:49,33:33:00:00:00:02,1,4294967291,70
2024-03-06 12:42:21.696,96:24:0c:b7:60:49,33:33:00:00:00:02,1,4294967291,70
2024-03-06 12:42:21.697,00:00:00:00:00:05,33:33:00:00:00:02,3,4294967291,70
2024-03-06 12:42:21.699,00:00:00:00:00:07,33:33:00:00:00:02,4,4294967291,70
2024-03-06 12:42:21.703,00:00:00:00:00:05,33:33:00:00:00:02,1,4294967291,70
2024-03-06 12:42:21.704,00:00:00:00:00:07,33:33:00:00:00:02,1,4294967291,70
2024-03-06 12:42:21.706,00:00:00:00:00:07,33:33:00:00:00:02,1,4294967291,70
2024-03-06 12:42:21.707,00:00:00:00:00:05,33:33:00:00:00:02,1,4294967291,70
2024-03-06 12:42:21.709,00:00:00:00:00:05,33:33:00:00:00:02,1,4294967291,70
2024-03-06 12:42:21.710,00:00:00:00:00:07,33:33:00:00:00:02,1,4294967291,70
2024-03-06 12:42:22.184,00:00:00:00:00:08,33:33:00:00:00:02,3,4294967291,70
2024-03-06 12:42:22.187,ce:d1:19:30:6e:2c,33:33:00:00:00:02,1,4294967291,70
2024-03-06 12:42:22.193,00:00:00:00:00:08,33:33:00:00:00:02,4,4294967291,70
2024-03-06 12:42:22.198,00:00:00:00:00:08,33:33:00:00:00:02,1,4294967291,70
2024-03-06 12:42:22.202,00:00:00:00:00:08,33:33:00:00:00:02,1,4294967291,70
2024-03-06 12:42:22.205,00:00:00:00:00:08,33:33:00:00:00:02,1,4294967291,70
2024-03-06 12:42:33.736,aa:4e:63:08:b2:3d,33:33:00:00:00:02,1,4294967291,70
2024-03-06 12:42:33.742,aa:4e:63:08:b2:3d,33:33:00:00:00:02,1,4294967291,70
2024-03-06 12:42:33.745,aa:4e:63:08:b2:3d,33:33:00:00:00:02,1,4294967291,70
2024-03-06 12:42:33.748,aa:4e:63:08:b2:3d,33:33:00:00:00:02,1,4294967291,70
2024-03-06 12:42:33.978,ea:5b:d9:31:4c:c3,33:33:00:00:00:02,3,4294967291,70
2024-03-06 12:42:33.983,ea:5b:d9:31:4c:c3,33:33:00:00:00:02,1,4294967291,70
2024-03-06 12:42:33.986,ea:5b:d9:31:4c:c3,33:33:00:00:00:02,1,4294967291,70
2024-03-06 12:42:33.989,ea:5b:d9:31:4c:c3,33:33:00:00:00:02,1,4294967291,70
2024-03-06 12:42:34.221,00:00:00:00:00:01,33:33:00:00:00:02,2,4294967291,70
2024-03-06 12:42:34.227,00:00:00:00:00:01,33:33:00:00:00:02,1,4294967291,70
2024-03-06 12:42:34.231,00:00:00:00:00:01,33:33:00:00:00:02,1,4294967291,70
2024-03-06 12:42:34.234,00:00:00:00:00:01,33:33:00:00:00:02,1,4294967291,70
2024-03-06 12:42:34.237,00:00:00:00:00:01,33:33:00:00:00:02,1,4294967291,70
2024-03-06 12:42:34.735,00:00:00:00:00:02,33:33:00:00:00:02,3,4294967291,70
2024-03-06 12:42:34.742,00:00:00:00:00:02,33:33:00:00:00:02,1,4294967291,70
2024-03-06 12:42:34.748,00:00:00:00:00:02,33:33:00:00:00:02,1,4294967291,70
2024-03-06 12:42:34.750,00:00:00:00:00:02,33:33:00:00:00:02,1,4294967291,70
2024-03-06 12:42:34.753,00:00:00:00:00:02,33:33:00:00:00:02,1,4294967291,70
2024-03-06 12:42:35.316,b2:ca:60:8e:01:16,33:33:00:00:00:02,1,4294967291,70
2024-03-06 12:42:35.319,00:00:00:00:00:09,33:33:00:00:00:02,1,4294967291,70
2024-03-06 12:42:35.322,00:00:00:00:00:0f,33:33:00:00:00:02,5,4294967291,70
2024-03-06 12:42:35.328,00:00:00:00:00:0f,33:33:00:00:00:02,1,4294967291,70
2024-03-06 12:42:35.330,00:00:00:00:00:0f,33:33:00:00:00:02,1,4294967291,70
2024-03-06 12:42:35.334,00:00:00:00:00:0f,33:33:00:00:00:02,1,4294967291,70
2024-03-06 12:42:35.335,00:00:00:00:00:0f,33:33:00:00:00:02,1,4294967291,70
2024-03-06 12:42:35.765,00:00:00:00:00:03,33:33:00:00:00:02,2,4294967291,70
2024-03-06 12:42:35.768,00:00:00:00:00:06,33:33:00:00:00:02,3,4294967291,70
2024-03-06 12:42:35.774,00:00:00:00:00:03,33:33:00:00:00:02,2,4294967291,70
2024-03-06 12:42:35.778,00:00:00:00:00:06,33:33:00:00:00:02,3,4294967291,70
2024-03-06 12:42:35.784,00:00:00:00:00:06,33:33:00:00:00:02,1,4294967291,70
2024-03-06 12:42:35.786,00:00:00:00:00:03,33:33:00:00:00:02,1,4294967291,70
2024-03-06 12:42:35.788,00:00:00:00:00:06,33:33:00:00:00:02,1,4294967291,70
2024-03-06 12:42:35.790,00:00:00:00:00:03,33:33:00:00:00:02,1,4294967291,70
2024-03-06 12:42:35.791,00:00:00:00:00:06,33:33:00:00:00:02,1,4294967291,70
2024-03-06 12:42:35.793,00:00:00:00:00:03,33:33:00:00:00:02,1,4294967291,70
2024-03-06 12:42:36.019,00:00:00:00:00:0e,33:33:00:00:00:02,3,4294967291,70
2024-03-06 12:42:36.271,00:00:00:00:00:04,33:33:00:00:00:02,3,4294967291,70
2024-03-06 12:42:36.276,3e:8d:97:91:21:11,33:33:00:00:00:02,1,4294967291,70
2024-03-06 12:42:36.282,00:00:00:00:00:04,33:33:00:00:00:02,2,4294967291,70
2024-03-06 12:42:36.287,00:00:00:00:00:04,33:33:00:00:00:02,1,4294967291,70
2024-03-06 12:42:36.289,00:00:00:00:00:04,33:33:00:00:00:02,1,4294967291,70
2024-03-06 12:42:36.292,00:00:00:00:00:04,33:33:00:00:00:02,1,4294967291,70
2024-03-06 12:42:36.539,9a:a4:05:fe:d8:9d,33:33:00:00:00:02,1,4294967291,70
2024-03-06 12:42:36.814,c6:ea:24:87:59:b6,33:33:00:00:00:02,4,4294967291,70
2024-03-06 12:42:36.821,c6:ea:24:87:59:b6,33:33:00:00:00:02,1,4294967291,70
2024-03-06 12:42:36.824,c6:ea:24:87:59:b6,33:33:00:00:00:02,1,4294967291,70
2024-03-06 12:42:36.827,c6:ea:24:87:59:b6,33:33:00:00:00:02,1,4294967291,70
2024-03-06 12:42:37.303,00:00:00:00:00:0a,33:33:00:00:00:02,2,4294967291,70
2024-03-06 12:42:37.568,00:00:00:00:00:07,33:33:00:00:00:02,2,4294967291,70
2024-03-06 12:42:37.572,00:00:00:00:00:05,33:33:00:00:00:02,2,4294967291,70
2024-03-06 12:42:37.578,00:00:00:00:00:07,33:33:00:00:00:02,4,4294967291,70
2024-03-06 12:42:37.582,00:00:00:00:00:05,33:33:00:00:00:02,3,4294967291,70
2024-03-06 12:42:37.589,00:00:00:00:00:07,33:33:00:00:00:02,1,4294967291,70
2024-03-06 12:42:37.591,00:00:00:00:00:05,33:33:00:00:00:02,1,4294967291,70
2024-03-06 12:42:37.593,00:00:00:00:00:05,33:33:00:00:00:02,1,4294967291,70
2024-03-06 12:42:37.595,00:00:00:00:00:07,33:33:00:00:00:02,1,4294967291,70
2024-03-06 12:42:37.597,00:00:00:00:00:05,33:33:00:00:00:02,1,4294967291,70
2024-03-06 12:42:37.598,00:00:00:00:00:07,33:33:00:00:00:02,1,4294967291,70
2024-03-06 12:42:38.387,00:00:00:00:00:08,33:33:00:00:00:02,3,4294967291,70
2024-03-06 12:42:38.396,00:00:00:00:00:08,33:33:00:00:00:02,4,4294967291,70
2024-03-06 12:42:38.400,00:00:00:00:00:08,33:33:00:00:00:02,1,4294967291,70
2024-03-06 12:42:38.402,00:00:00:00:00:08,33:33:00:00:00:02,1,4294967291,70
2024-03-06 12:42:38.404,00:00:00:00:00:08,33:33:00:00:00:02,1,4294967291,70
2024-03-06 12:42:38.837,96:24:0c:b7:60:49,33:33:00:00:00:02,2,4294967291,70
2024-03-06 12:42:38.844,96:24:0c:b7:60:49,33:33:00:00:00:02,1,4294967291,70
2024-03-06 12:42:38.847,96:24:0c:b7:60:49,33:33:00:00:00:02,1,4294967291,70
2024-03-06 12:42:38.849,96:24:0c:b7:60:49,33:33:00:00:00:02,1,4294967291,70
2024-03-06 12:42:40.940,ce:d1:19:30:6e:2c,33:33:00:00:00:02,1,4294967291,70
2024-03-06 12:43:03.451,00:00:00:00:00:0f,33:33:00:00:00:02,5,4294967291,70
2024-03-06 12:43:03.457,ea:5b:d9:31:4c:c3,33:33:00:00:00:02,3,4294967291,70
2024-03-06 12:43:03.460,aa:4e:63:08:b2:3d,33:33:00:00:00:02,1,4294967291,70
2024-03-06 12:43:03.462,00:00:00:00:00:02,33:33:00:00:00:02,3,4294967291,70
2024-03-06 12:43:03.465,00:00:00:00:00:01,33:33:00:00:00:02,2,4294967291,70
2024-03-06 12:43:03.471,00:00:00:00:00:0f,33:33:00:00:00:02,1,4294967291,70
2024-03-06 12:43:03.473,00:00:00:00:00:0f,33:33:00:00:00:02,1,4294967291,70
2024-03-06 12:43:03.474,00:00:00:00:00:0f,33:33:00:00:00:02,1,4294967291,70
2024-03-06 12:43:03.476,00:00:00:00:00:0f,33:33:00:00:00:02,1,4294967291,70
2024-03-06 12:43:03.480,ea:5b:d9:31:4c:c3,33:33:00:00:00:02,1,4294967291,70
2024-03-06 12:43:03.482,aa:4e:63:08:b2:3d,33:33:00:00:00:02,1,4294967291,70
2024-03-06 12:43:03.484,ea:5b:d9:31:4c:c3,33:33:00:00:00:02,1,4294967291,70
2024-03-06 12:43:03.485,aa:4e:63:08:b2:3d,33:33:00:00:00:02,1,4294967291,70
2024-03-06 12:43:03.487,00:00:00:00:00:02,33:33:00:00:00:02,1,4294967291,70
2024-03-06 12:43:03.488,00:00:00:00:00:01,33:33:00:00:00:02,1,4294967291,70
2024-03-06 12:43:03.489,ea:5b:d9:31:4c:c3,33:33:00:00:00:02,1,4294967291,70
2024-03-06 12:43:03.491,aa:4e:63:08:b2:3d,33:33:00:00:00:02,1,4294967291,70
2024-03-06 12:43:03.494,00:00:00:00:00:02,33:33:00:00:00:02,1,4294967291,70
2024-03-06 12:43:03.495,00:00:00:00:00:01,33:33:00:00:00:02,1,4294967291,70
2024-03-06 12:43:03.496,00:00:00:00:00:02,33:33:00:00:00:02,1,4294967291,70
2024-03-06 12:43:03.497,00:00:00:00:00:01,33:33:00:00:00:02,1,4294967291,70
2024-03-06 12:43:03.498,00:00:00:00:00:02,33:33:00:00:00:02,1,4294967291,70
2024-03-06 12:43:03.499,00:00:00:00:00:01,33:33:00:00:00:02,1,4294967291,70
2024-03-06 12:43:05.502,b2:ca:60:8e:01:16,33:33:00:00:00:02,1,4294967291,70
2024-03-06 12:43:05.507,00:00:00:00:00:0e,33:33:00:00:00:02,3,4294967291,70
2024-03-06 12:43:05.510,00:00:00:00:00:09,33:33:00:00:00:02,1,4294967291,70
2024-03-06 12:43:07.577,c6:ea:24:87:59:b6,33:33:00:00:00:02,4,4294967291,70
2024-03-06 12:43:07.583,9a:a4:05:fe:d8:9d,33:33:00:00:00:02,1,4294967291,70
2024-03-06 12:43:07.587,00:00:00:00:00:04,33:33:00:00:00:02,3,4294967291,70
2024-03-06 12:43:07.588,00:00:00:00:00:03,33:33:00:00:00:02,2,4294967291,70
2024-03-06 12:43:07.589,00:00:00:00:00:06,33:33:00:00:00:02,3,4294967291,70
2024-03-06 12:43:07.590,00:00:00:00:00:0a,33:33:00:00:00:02,2,4294967291,70
2024-03-06 12:43:07.594,c6:ea:24:87:59:b6,33:33:00:00:00:02,1,4294967291,70
2024-03-06 12:43:07.594,c6:ea:24:87:59:b6,33:33:00:00:00:02,1,4294967291,70
2024-03-06 12:43:07.595,c6:ea:24:87:59:b6,33:33:00:00:00:02,1,4294967291,70
2024-03-06 12:43:07.597,00:00:00:00:00:04,33:33:00:00:00:02,2,4294967291,70
2024-03-06 12:43:07.598,00:00:00:00:00:03,33:33:00:00:00:02,2,4294967291,70
2024-03-06 12:43:07.599,00:00:00:00:00:06,33:33:00:00:00:02,3,4294967291,70
2024-03-06 12:43:07.602,00:00:00:00:00:06,33:33:00:00:00:02,1,4294967291,70
2024-03-06 12:43:07.604,00:00:00:00:00:04,33:33:00:00:00:02,1,4294967291,70
2024-03-06 12:43:07.605,00:00:00:00:00:03,33:33:00:00:00:02,1,4294967291,70
2024-03-06 12:43:07.605,00:00:00:00:00:04,33:33:00:00:00:02,1,4294967291,70
2024-03-06 12:43:07.606,00:00:00:00:00:03,33:33:00:00:00:02,1,4294967291,70
2024-03-06 12:43:07.607,00:00:00:00:00:06,33:33:00:00:00:02,1,4294967291,70
2024-03-06 12:43:07.608,00:00:00:00:00:04,33:33:00:00:00:02,1,4294967291,70
2024-03-06 12:43:07.609,00:00:00:00:00:03,33:33:00:00:00:02,1,4294967291,70
2024-03-06 12:43:07.610,00:00:00:00:00:06,33:33:00:00:00:02,1,4294967291,70
2024-03-06 12:43:09.603,00:00:00:00:00:05,33:33:00:00:00:02,2,4294967291,70
2024-03-06 12:43:09.609,3e:8d:97:91:21:11,33:33:00:00:00:02,1,4294967291,70
2024-03-06 12:43:09.613,00:00:00:00:00:05,33:33:00:00:00:02,3,4294967291,70
2024-03-06 12:43:09.617,00:00:00:00:00:05,33:33:00:00:00:02,1,4294967291,70
2024-03-06 12:43:09.620,00:00:00:00:00:05,33:33:00:00:00:02,1,4294967291,70
2024-03-06 12:43:09.623,00:00:00:00:00:05,33:33:00:00:00:02,1,4294967291,70
2024-03-06 12:43:11.609,00:00:00:00:00:08,33:33:00:00:00:02,3,4294967291,70
2024-03-06 12:43:11.616,00:00:00:00:00:07,33:33:00:00:00:02,2,4294967291,70
